用户id,用户,ip地址,评论日期,评论内容,点赞数量
5278152851,雪糍团子owo,甘肃,Fri Apr 14 20:50:57 +0800 2023,@蓝莓奶酪吐司,0
5263706477,_BloodOrange_,海外,Sun Apr 16 16:50:46 +0800 2023,又赢麻了,0
3904400309,WANGSHUT-,海外,Sat Apr 15 00:16:49 +0800 2023,@SuperLuckQiaos,0
3293432203,听浪笑语,其他,Mon Apr 17 12:32:18 +0800 2023,个人认为鼓励式教育更好,0
5533077327,蓝绿蓝紫,山西,Sun Apr 16 18:48:45 +0800 2023,我的沉默震耳欲聋,0
7305331842,滚滚西瓜变草莓,湖北,Sun Apr 16 15:37:26 +0800 2023,@迷津欲有 更适合中国宝宝体质,0
1629562725,nihaomyworld,其他,Sat Apr 15 17:54:42 +0800 2023,文明水准的差距,0
6112640288,蒸鱼不放辣椒,吉林,Sat Apr 15 13:04:55 +0800 2023,@第九个_ [泪][泪][泪],0
5180570913,睡不醒的面包_,安徽,Sat Apr 15 12:51:38 +0800 2023,@添柴小鱼书,0
1933359603,柒月鲸落_,广东,Sat Apr 15 12:21:04 +0800 2023,鼓励教育[doge]我喜欢,0
7284992873,桢的是妮,福建,Sat Apr 15 12:04:57 +0800 2023,我天。。,0
1843360707,Cjm来了-,广东,Sat Apr 15 10:41:53 +0800 2023,唉，图一难道是国内大部分父母的心里话吗,0
1117716907,澈鬣__,北京,Sat Apr 15 10:37:46 +0800 2023,哇哦中国父母[心],0
2969806920,麻麻说名字长才拉轰,江西,Sat Apr 15 10:19:26 +0800 2023,p1的人文关怀呢[摊手],0
7566783729,唐朝是CN的,浙江,Sat Apr 15 09:49:54 +0800 2023,理智而温柔。希望以后AI的发展也能朝这个方向走吧。,0
7191238199,藏都藏不住的圆,其他,Sat Apr 15 09:18:28 +0800 2023,你的题目太伤人了,0
1050772941,liu0305051014,上海,Sat Apr 15 08:56:14 +0800 2023,神奇 ai真是可以当朋友了,0
5681627106,凝霜为冰,辽宁,Sat Apr 15 07:54:15 +0800 2023,更适合中国宝宝体质的pua//@我不想说话bot:更符合中国宝宝体质,0
6195827009,花树扶疏,北京,Sat Apr 15 07:14:03 +0800 2023,//@我不想说话bot:更符合中国宝宝体质//@脆皮鸭基地:一方水土养一方ai,0
6495141310,糯糯方栖迟卷,北京,Sat Apr 15 06:47:05 +0800 2023,窒息,0
7755317080,不知道叫什么的西夏,湖南,Sat Apr 15 00:00:53 +0800 2023,@小月亮吃口云朵 我直接看哭,0
7187685195,芥末蜂蜜抽子,山东,Fri Apr 14 21:26:50 +0800 2023,@ReSoSoXiDoXilar,0
5729198832,柴神,北京,Sun Apr 23 23:11:59 +0800 2023,cnf,0
5594549011,Zzriiiiiii,其他,Thu Apr 20 22:21:39 +0800 2023,@木小易LilyPad 这newbing有点nb,0
7789922256,愚见微,北京,Wed Apr 19 12:22:58 +0800 2023,媒介伦理,0
7659813742,Pizza就是要加三倍芝士,其他,Wed Apr 19 11:41:58 +0800 2023,不愧是你啊，国产百度??,0
7812091600,山隐隐200610,湖南,Wed Apr 19 08:14:54 +0800 2023,看伤心了。,0
5058230241,一只冰糖兔,香港,Wed Apr 19 07:57:58 +0800 2023,@王冲儿,0
3941214762,刑法杨艳霞,浙江,Tue Apr 18 23:56:37 +0800 2023,开发软件的人有价值观。//@脆皮鸭基地:一方水土养一方ai,0
2616550177,特困花生,北京,Tue Apr 18 13:27:01 +0800 2023,希望这是个段子//@脆皮鸭基地: 一方水土养一方ai,0
5228987641,李香菜侠,北京,Tue Apr 18 11:37:47 +0800 2023,@阿泰同学-,0
1963393545,大呀嘛大姨妈,北京,Tue Apr 18 11:11:10 +0800 2023,@李香菜侠,0
5541144172,我与美式不共戴天,江苏,Tue Apr 18 07:15:58 +0800 2023,人才[允悲]//@眉山墨黛:用春晚的语气念出来了……然而上不了春晚[摊手]//@木秋秋请低头拾起六便士:老中人眼里，养儿为了防老，养女当件棉袄；一会儿投资回报，一会儿耐用消耗；主打含辛茹苦，副歌把屎把尿；胆敢成绩不好，浪费我多少钞票。,0
1680622704,Pippi妈,四川,Mon Apr 17 21:17:03 +0800 2023,@Pippi爸,0
6855343622,洛仔超喜欢夏油_杰吹第一名u,辽宁,Mon Apr 17 18:14:14 +0800 2023,好典好东亚[可怜][赞]//@脆皮鸭基地:一方水土养一方ai,0
6278909448,煎鱼饺子,其他,Mon Apr 17 15:41:20 +0800 2023,@间接无意义,0
7552770946,Cindy李甜甜,其他,Mon Apr 17 15:12:36 +0800 2023,老阿中一向最擅长打击教育,0
1914415887,冗冗冗冗长啊,浙江,Mon Apr 17 13:44:31 +0800 2023,懂中//@脆皮鸭基地:一方水土养一方ai,0
2849277180,Hunter_杰西,江苏,Mon Apr 17 11:21:00 +0800 2023,太典了//@脆皮鸭基地:一方水土养一方ai,0
5092667367,布洛卡Broca,辽宁,Mon Apr 17 07:36:28 +0800 2023,第三个在哪下载[苦涩],0
5522802840,花心女人不愁没纸片人陪,湖北,Sun Apr 16 22:40:33 +0800 2023,所谓重国式教育[太开心][太开心],0
3320490481,今晚有人上车吗,其他,Sun Apr 16 21:53:26 +0800 2023,微软nb,0
6373143061,老罗Champion,北京,Sun Apr 16 20:08:40 +0800 2023,一方水土养一方AI，贴吧基因符合中国宝宝的体质。,0
1837354527,毕竟我是十七吖,江苏,Sun Apr 16 20:01:22 +0800 2023,@Aime-薛定谔的兔子,0
5074743293,当代新猫咪芝麻,海外,Sun Apr 16 18:02:20 +0800 2023,哈哈哈哈哈哈哈哈哈被AI教育,0
6441831050,唔系浪ta啊,其他,Sun Apr 16 18:00:17 +0800 2023,建议给进入cn的AI加点甜蜜素,0
2340395043,就上微博怎样,四川,Sun Apr 16 16:45:46 +0800 2023,[摊手][摊手][摊手][摊手],0
3063605431,爆米花花花儿好美,江苏,Sun Apr 16 15:40:56 +0800 2023,你们没事吧.....,0
3654885952,JeffreyXu杰福瑞,湖南,Sun Apr 16 15:40:33 +0800 2023,《你真的毫无价值》,0
2960687764,雪野绒,海外,Sun Apr 16 15:20:28 +0800 2023,@joweifong [泪][泪][泪][泪],0
6271704076,雾凇幻境_,海外,Sun Apr 16 12:44:34 +0800 2023,窒息了//@我不想说话bot:更符合中国宝宝体质,0
5532897727,手机用户小47,海外,Sun Apr 16 12:06:03 +0800 2023,@拔萃英语,0
7253901316,Vvvvvcky,其他,Sun Apr 16 11:29:12 +0800 2023,乐,0
7762309728,康猪猪和他的朋友们,河南,Sun Apr 16 11:25:06 +0800 2023,@混沌点儿,0
5148381785,-YOUNGCC-,其他,Sun Apr 16 10:53:59 +0800 2023,@韩文清女朋友,0
7737868888,梁公子的小书僮,其他,Sun Apr 16 10:11:52 +0800 2023,[允悲]//@脆皮鸭基地:一方水土养一方ai,0
1637452053,Vivelie,福建,Sun Apr 16 09:04:47 +0800 2023,P3牛牛牛,0
2890128450,牛又面面,其他,Sun Apr 16 08:59:30 +0800 2023,@泡泡龙kiki,0
1706692941,柴瓜瓜多毛毛,海外,Sun Apr 16 08:52:44 +0800 2023,@邹尼玛儿,0
1763608141,圆玮呢,陕西,Sun Apr 16 07:52:28 +0800 2023,@・眉梢・,0
1904598077,小鹿酱yoki,海外,Sun Apr 16 07:34:48 +0800 2023,就是2.0和4的区别，带什么节奏。国内大厂是在2.0开源基础上训练，赶超需要时间。GPT也是3.5以后才会转弯的,0
7064627372,TTOTHEZ84663,其他,Sun Apr 16 07:17:11 +0800 2023,但AI一定会慢慢学会，以中国家长口吻写信,0
3606923675,一只思考的饼,其他,Sun Apr 16 02:33:17 +0800 2023,笑鼠,0
6473665252,泡面朋友是锅子,上海,Sun Apr 16 00:25:03 +0800 2023,中国教育啊……,0
7499659566,DemFade,香港,Sun Apr 16 00:22:31 +0800 2023,这个评论区，让我走不出去,0
1464414771,芊小桌儿,北京,Sun Apr 16 00:12:18 +0800 2023,@北京Jack,0
5552372902,钟鼓岭街少年,广东,Sat Apr 15 23:20:06 +0800 2023,啊？不过真的会好奇，AI会有价值观么？,0
7318001880,qs君要发光呀,云南,Sat Apr 15 23:19:01 +0800 2023,一方水土养一方ai,0
2762542521,在人间折转,新疆,Sat Apr 15 21:38:38 +0800 2023,@汉克变美蛙,0
1192509837,冬天里的7把火,其他,Sat Apr 15 21:20:18 +0800 2023,@好可爱的小金子,0
2280415477,小辣辣-,山东,Sat Apr 15 21:06:48 +0800 2023,@李雷同W_ 比人更有人味[开学季],0
2882400260,Boerheaka_,浙江,Sat Apr 15 21:05:55 +0800 2023,@本苦bee爱采花蜜 确实是一方水土养一方ai,0
5819893736,Jack徐的投资日志,北京,Sat Apr 15 20:33:05 +0800 2023,太牛了,0
7332648924,K线实战详解,广东,Sat Apr 15 20:13:55 +0800 2023,按尿性很快就会推送教育机构了[doge]//@脆皮鸭基地:一方水土养一方ai,0
7360681592,花间一曲醉逍遥,海外,Sat Apr 15 19:54:07 +0800 2023,@琨子哟 [微风][微风][微风][doge],0
2898581374,#NAME?,北京,Sat Apr 15 19:30:36 +0800 2023,嘿嘿,0
2858382302,因百,上海,Sat Apr 15 18:23:38 +0800 2023,你要求AI写的标题是《你真的毫无价值》AI写的就是毫无价值，结果人家确实是按你的要求写了。我感觉就是又当又立，AI做错了什么？完全是按照你的要求写的啊！,0
5997779465,Lu-慕昼,河南,Sat Apr 15 17:46:02 +0800 2023,啧,0
5817652789,樱丸小桃子汁,福建,Sat Apr 15 16:55:52 +0800 2023,@打不过就耍赖,0
1699701030,娄上大人,其他,Sat Apr 15 16:54:54 +0800 2023,@AbyssSeraph,0
2135616004,zozo_18,香港,Sat Apr 15 16:36:33 +0800 2023,@Aaronhah,0
1929829921,忘忧草爱喝水,江苏,Sat Apr 15 16:34:39 +0800 2023,云泥之别//@脆皮鸭基地:一方水土养一方ai,0
1651517800,an小安,江苏,Sat Apr 15 16:00:41 +0800 2023,哈哈哈是东亚AI～,0
6115575065,小风刮风,广东,Sat Apr 15 15:50:08 +0800 2023,ai好好的完成人类给出的指令就好了，干嘛自作主张修改信件？不应该先完成人类的指令，然后再给出意见吗？,0
6177234907,Wethsans,湖南,Sat Apr 15 15:48:01 +0800 2023,@Yr-LaE 真的[泪]我哭死,0
2600749623,巴伐利亚天空下,北京,Sat Apr 15 15:47:00 +0800 2023,@夜行鸦,0
7761413258,夜寒风细虎嗅蔷薇,其他,Sat Apr 15 15:39:06 +0800 2023,冷暖谁知,0
1278963577,wo1fgangski,海外,Sat Apr 15 15:36:41 +0800 2023,转发微博 http://t.cn/A6Ntjv0A,0
3296240031,止攸一,其他,Sat Apr 15 15:34:45 +0800 2023,[泪][泪][泪][泪][泪][泪],0
7476885862,Aprils_Verse,其他,Sat Apr 15 15:29:18 +0800 2023,ai比大多数人还像人。,0
1641505615,是苏苏子呀-,上海,Sat Apr 15 15:25:58 +0800 2023,真的是一方水土养一方AI……真的好喜欢GPT的回答，小时候有人对我这么说就好了[悲伤],0
2118806850,地球上滴猴纸,浙江,Sat Apr 15 15:22:03 +0800 2023,百度更新了 http://t.cn/A6NtlS7p,0
2693362490,一个perper,海外,Sat Apr 15 14:52:18 +0800 2023,@CONG丶Z,0
2033404915,皇家二踢_,海外,Sat Apr 15 14:41:14 +0800 2023,很恐怖 他在帮我做决定吗？我就是要我想要的答案而已[揣手],0
3030675627,小街上的老枪,广西,Sat Apr 15 14:33:12 +0800 2023,也许我找到了为什么中国足球上不去的原因。,0
1621021375,WinkMeow,山东,Sat Apr 15 14:29:13 +0800 2023,[单身狗],0
1617705144,早安啊葵酱,海外,Sat Apr 15 14:18:11 +0800 2023,@快夸我幼稚,0
5979367683,毒德味儿大师,上海,Sat Apr 15 14:16:39 +0800 2023,肆意修改用户的需求，我不觉得外国的有什么优点,0
5453635437,夜中集海,其他,Sat Apr 15 14:11:25 +0800 2023,笑 评论区丧失了思考能力的确实是符合图一对你们的评价[悲伤],0
6189454071,妤妤鱼Yu_,其他,Sat Apr 15 14:07:15 +0800 2023,@404N_tFound黑化版,0
3471768320,lllmfff_,江苏,Sat Apr 15 13:56:14 +0800 2023,@w00backbaby,0
7315179913,迢迢明月夜,其他,Sat Apr 15 13:54:33 +0800 2023,老钟基本盘典麻了,0
3137853157,果果是柯基,其他,Sat Apr 15 13:45:48 +0800 2023,@贝叶斯数山羊 你说对么[挤眼],0
7631985116,四卅关注,其他,Sat Apr 15 13:44:46 +0800 2023,确定这是真的不是编段子？能写出第一张的父母根本不会求ai去写信给儿女，而是自己张口骂了。,0
7462467788,金念闪,广东,Sat Apr 15 13:28:11 +0800 2023,第三个给我看哭了，真的是ai吗,0
5631772632,摇摇的投喂,江苏,Mon Apr 24 12:40:17 +0800 2023,节奏还是你会。纯粹理性思考，ai应该输出符合题目要求的东西，而不是帮你来做选择然后给出ai自认为的答案。,0
1609914734,巴赛帝斯小怪兽,其他,Sun Apr 23 11:23:21 +0800 2023,看爆炸了 看窒息了 看到一下又感觉昏天黑地了。致郁效果太好了。全世界只有我该死的世界又达成了。活着没意思//@糖黍:“你哭什么哭，有什么好哭的？”,0
1609914734,巴赛帝斯小怪兽,其他,Sun Apr 23 11:15:22 +0800 2023,我前两天和我家猫说过类似的话。。我觉得它不乖。。我是不是已经变成说自己也不爱听的话的人了。。。//@听风儿吟:完了，我好像对我三岁的儿子说过。//@糖黍:“你哭什么哭，有什么好哭的？”,0
1609914734,巴赛帝斯小怪兽,其他,Sun Apr 23 11:14:17 +0800 2023,我也一下记起来了。。。。//@卷毛的面包仔:回复@94梦天堂:我的记忆一下子回来了[苦涩]//@糖黍:“你哭什么哭，有什么好哭的？”,0
1400795267,收条,北京,Sat Apr 22 22:07:56 +0800 2023,[good],0
7002562765,禁止倒置,黑龙江,Sat Apr 22 15:58:30 +0800 2023,@帕恰狗熊,0
7439909257,gile40,其他,Sat Apr 22 10:12:30 +0800 2023,第一封中间部分人称不对,0
6033782473,没烦恼的狗勾,浙江,Fri Apr 21 22:20:41 +0800 2023,@把你头拧下来当球踢,0
6341607455,在不在线看心情,其他,Fri Apr 21 19:27:45 +0800 2023,可以说是笑中带泪?//@脆皮鸭基地:一方水土养一方ai,0
5442970893,仿生羊会吃电子草么,其他,Fri Apr 21 19:24:33 +0800 2023,@石跳舞引l事故 [泪][泪][泪],0
1892717583,Zxb-198,江苏,Fri Apr 21 18:17:49 +0800 2023,好扎心[允悲],0
5829111596,-CoCool-,上海,Fri Apr 21 16:41:28 +0800 2023,@SOWHAT_LEO,0
6415027654,东亚国一般红皮老保,海外,Fri Apr 21 14:48:49 +0800 2023,恐怖,0
3561091870,Aviva_LTH,上海,Fri Apr 21 13:52:43 +0800 2023,[苦涩],0
2957744221,draspirins,其他,Fri Apr 21 12:00:04 +0800 2023,@MmmmFan,0
2163324802,夏冰月,其他,Fri Apr 21 10:09:38 +0800 2023,??ai管理办法正在征求意见！截止5月10日希望大家积极参与！http://t.cn/AidrBFGQ,0
3214535982,瑾鲤__,海南,Fri Apr 21 02:00:44 +0800 2023,人工智能在尽量为你共情,0
2406408563,梁阿炎,其他,Fri Apr 21 01:26:15 +0800 2023,果然图一是中国的[开学季][开学季][开学季]@林淡定很淡定,0
7709338466,_roomONly4u,其他,Thu Apr 20 23:29:39 +0800 2023,突发奇想去问了一下…..我眼泪哗哗[泪] http://t.cn/A6NxnIEQ,0
6120447982,亻律法师,山西,Thu Apr 20 22:20:40 +0800 2023,@想吃茉莉雪糕_,0
7291766217,・NoBlueberries・,北京,Thu Apr 20 21:07:06 +0800 2023,@小鱼咸饼干,0
2306610334,噗噗是我小肥阳的,湖北,Thu Apr 20 17:43:03 +0800 2023,转发微博,0
2242394730,tredfs,重庆,Thu Apr 20 14:46:31 +0800 2023,不是你努力财富会来，而是你做对选择财富才会来，选择#千兰寻金股#做对的选择，兰姐昨天给的002291、603533、步步高升，势不可挡，双双封停，多说无益，自行关注见证,0
5857356419,没有猫的秋刀鱼,江苏,Thu Apr 20 14:15:14 +0800 2023,@脸红的卷心菜 牛逼,0
5940936076,禾慕与何沐,海外,Thu Apr 20 09:16:02 +0800 2023,@SigmundFreud1895 真典啊,0
2459208770,JUCE周,江苏,Thu Apr 20 08:51:22 +0800 2023,长辈。总在自以为是的定义别人呢，特别是孩子，因为是他们生的，所以他们没有负罪感[苦涩],0
5836334613,Y7-t,其他,Thu Apr 20 07:58:26 +0800 2023,@1358号海归精英,0
2702545834,这里张文,其他,Thu Apr 20 01:18:30 +0800 2023,我的bing暴露了她是gpt啦[允悲] http://t.cn/A6NMHBZM,0
2709280665,菇哥的狗子,湖南,Thu Apr 20 00:42:44 +0800 2023,@罐装鲜菇 。。教育方面我国目前是真的不行,0
5992679131,沃不出屎,安徽,Thu Apr 20 00:00:36 +0800 2023,你的信题目太伤人了[伤心],0
1822747784,Rainnie,海外,Wed Apr 19 23:01:57 +0800 2023,@佳斯丁,0
2731691017,uchiha_lynn,香港,Wed Apr 19 21:46:21 +0800 2023,[doge]笑死,0
2166043660,llongyuxuan,上海,Wed Apr 19 20:22:34 +0800 2023,@小张不想读书,0
2317188191,夜了_阿喵,江苏,Wed Apr 19 19:56:55 +0800 2023,原博必应那个，我简直怀疑后面有个活人[泪]//@・七号杂货铺・:直接不写了 http://t.cn/A6NtVGhH //@小鱼游进大海去:你的信题目太伤人了 你不觉得吗？我欣赏必应的坦诚,0
7578230143,fanatic小玫瑰,其他,Wed Apr 19 18:11:05 +0800 2023,p2p3很温暖[爱你],0
2208729545,东君丶,北京,Wed Apr 19 17:38:57 +0800 2023,@请扫描本站场所码,0
7308359958,#NAME?,陕西,Wed Apr 19 17:32:36 +0800 2023,可是谁知道gpt为什么用不了啊不是不支持电子邮件就是不支持ip,0
5717654233,intheairriaehtni,其他,Wed Apr 19 12:29:46 +0800 2023,@复古小卷毛,0
5087810452,047a,其他,Wed Apr 19 11:39:07 +0800 2023,@好吧就这样也行,0
1575317230,Coosh自加V,广东,Wed Apr 19 11:36:06 +0800 2023,百度：以前我理解错了需求，你们指责我，现在我满足了需求，而你们指责我不够人性，所以我怎么都是错的咯……[笑cry],0
6904298679,赞朵多什么时候承认你是小可爱吖,北京,Wed Apr 19 08:11:58 +0800 2023,@橘里meiry,0
6466808460,专业赎罪运动员,海外,Wed Apr 19 07:10:57 +0800 2023,付出式施压教育真特色[衰],0
7510815152,唯美音935737,其他,Wed Apr 19 03:00:19 +0800 2023,@为什么AquaCaroline洗脑版,0
7245327836,delicaty,其他,Wed Apr 19 02:32:13 +0800 2023,@IsMorningSpring,0
1699278672,像风一样的水瓶座,重庆,Wed Apr 19 00:02:07 +0800 2023,确实是这样，有些人还不如一个AI http://t.cn/A6NIXmTE,0
6671350579,Reflection5,福建,Tue Apr 18 23:34:05 +0800 2023,技术还不够罢了吧，百度那个言语间有不少自相矛盾的地方，显然没有理解题目的意思,0
2129338300,返屋食糯米,海外,Tue Apr 18 23:13:24 +0800 2023,@快乐星球接收站站员,0
5685825707,茜茜_Cocoa,浙江,Tue Apr 18 23:10:12 +0800 2023,因为算法背后是人,0
5667877009,拆那福蛋,上海,Tue Apr 18 22:56:22 +0800 2023,@_HopeE,0
2192194181,半半咖啡,湖北,Tue Apr 18 22:53:32 +0800 2023,这就是差距[赞][赞][赞],0
2212290675,Dear-迪丽热铭铭,其他,Tue Apr 18 21:54:33 +0800 2023,橘生淮北为枳//@春潮透帘明: 百度文心 更适合中国宝宝体质[馋嘴],0
7210560905,还是盲目信仰些什么吧,其他,Tue Apr 18 21:51:15 +0800 2023,从图一看到图二，再看到图三时差点哭了,0
6517588972,关我小李飞刀屁事,其他,Tue Apr 18 21:47:45 +0800 2023,图一真是每句话都听过 骂着骂着还非得来句我是爱你的哟 快吐了先走了,0
2406610144,Eternity_Maroon,海外,Tue Apr 18 21:01:10 +0800 2023,第一个，第一段看完我就破防了[拜拜],0
6875445893,淘淘桃乐西吖,上海,Tue Apr 18 20:01:36 +0800 2023,真的窒息?,0
6875445893,淘淘桃乐西吖,上海,Tue Apr 18 20:00:58 +0800 2023,@亲爱的小茉莉 窒息,0
3965386845,Freyagnini,其他,Tue Apr 18 18:25:36 +0800 2023,@马克思-列宁主义,0
7243545484,#NAME?,山西,Tue Apr 18 18:21:13 +0800 2023,微软：懂我意思？[可爱],0
2041399671,去糖少冰哦,广东,Tue Apr 18 17:46:49 +0800 2023,@东星乌鸦陈天雄,0
2782216935,小仙女的哈子本特,其他,Tue Apr 18 17:28:27 +0800 2023,@_大肚皮的wifi,0
7761763900,叽叽喳喳的复读机,天津,Tue Apr 18 15:47:34 +0800 2023,再也不想经历被骂的鼻涕拉瞎痛哭流涕的小时候[微笑]或者单纯被骂我还是很可以接受的。还好现在我已经不用上学了 非常好[傻眼][傻眼],0
5520152784,啵啵猫喵喵cc,河南,Tue Apr 18 15:43:26 +0800 2023,[泪][泪][泪],0
1954519880,巧克力蛋糕毁灭机-,北京,Tue Apr 18 15:39:43 +0800 2023,@BBBBBigBird_大B,0
5586072802,我先睡咯886,其他,Tue Apr 18 14:11:01 +0800 2023,@亮哥哥邪魅一笑 555555,0
7474761108,塞里的一万小时,其他,Tue Apr 18 14:10:15 +0800 2023,看出了各方的教育。p1真就很中国,0
5262291518,王家零号机,北京,Tue Apr 18 14:09:59 +0800 2023,就算是挑的，就算是故意引导言论，但是这么多人共情足以说明问题所在，不能用动机来否定结果。,0
2807184803,甜七梦桃子,北京,Tue Apr 18 13:53:48 +0800 2023,@徐大哒哒哒宝要天天好心情,0
7480917761,海绵方裤裤裤裤,陕西,Tue Apr 18 13:36:45 +0800 2023,电子包浆少点吧，不然傻子太多了,0
1823003355,yylexie,上海,Tue Apr 18 13:22:35 +0800 2023,感到被世界潮流抛弃的焦虑了//@脆皮鸭基地:一方水土养一方ai,0
1715579284,aka_NA,海外,Tue Apr 18 13:21:44 +0800 2023,哈哈哈哈,0
3911410889,Nick_哈哈哈,其他,Tue Apr 18 13:07:21 +0800 2023,我要是ai的话，我会要求提问者进一步的信息，如标题里有标点符号吗？是“？”还是“！”，或建议语音输入提问一下，以便理解提问者的意头和情绪。。。[允悲],0
1286028741,印糖发黑,上海,Tue Apr 18 13:06:28 +0800 2023,哈哈，典的就像假的。//@我不想说话bot:更符合中国宝宝体质,0
5652022915,yyswaggyp,山东,Tue Apr 18 11:50:44 +0800 2023,@一个蕾蕾蕾蕾蕾,0
6644401520,吃花椒的火焰鼠,其他,Tue Apr 18 10:38:09 +0800 2023,但是文心一言后面是有水印的 第一张没有 鉴定为p,0
2034431951,拯救大聪明,陕西,Tue Apr 18 10:30:08 +0800 2023,有点假吧 别的不说 新必应有那么夸张吗。。[摊手],0
1853715587,昕竺,天津,Tue Apr 18 10:11:15 +0800 2023,它甚至不肯说一句“根据xx该主题不予显示”……,0
2323143510,休闲高手小蝈,吉林,Tue Apr 18 09:36:23 +0800 2023,@_____Chul @酸菜猪猪h,0
3095325277,坂田施瓦辛格,广东,Tue Apr 18 09:32:43 +0800 2023,中国5000年的历史文化底蕴，吊打欧美,0
6195720986,欢乐马87,其他,Tue Apr 18 09:31:13 +0800 2023,@学数学的小学生,0
5299912476,hinier,山东,Tue Apr 18 09:26:43 +0800 2023,菜刀在厨师手里可能出一桌美味佳肴，落到杀人犯手里则可能人头掉落,0
1789583117,光溜溜汪汪,广东,Tue Apr 18 09:07:19 +0800 2023,@不是那么回事88,0
3205192942,在时光中慢慢欣赏,陕西,Tue Apr 18 09:07:09 +0800 2023,所谓人工智能就应该有人的情感，不同的算法体现的是不同的设计者的思想、情感和价值观。你更欣赏那种？,0
1601297580,国行监督员-远游,天津,Tue Apr 18 08:57:55 +0800 2023,更像是P的，还是谨慎吧,0
2855953390,CCCCCASTA,海外,Tue Apr 18 08:52:42 +0800 2023,又好笑又心酸,0
5332247181,_h儿的巧克力盒子,辽宁,Tue Apr 18 08:26:22 +0800 2023,@_巧巧巧克力h儿,0
5729638846,云上游鱼233,北京,Tue Apr 18 07:45:52 +0800 2023,@困困鱼YSum,0
2874438590,uhnlaegi,湖北,Tue Apr 18 07:28:40 +0800 2023,@沙迦z,0
1402057037,AmZFn,上海,Tue Apr 18 07:25:45 +0800 2023,这是在钓鱼吗,0
1432361424,茵爱2008,重庆,Tue Apr 18 07:13:16 +0800 2023,应该再来一款暴躁ai，直接写一封《父母你们真的毫无价值》，然后直接扔他们脸上[二哈],0
2671433161,屋顶的老虎君Yeah,海外,Tue Apr 18 05:46:49 +0800 2023,哈哈哈,0
6905900481,lillehavfrueee,其他,Tue Apr 18 05:12:55 +0800 2023,@ohangyu,0
6051457608,送了一朵小红花,四川,Tue Apr 18 02:17:46 +0800 2023,笑出?叫//@脆皮鸭基地:一方水土养一方ai,0
5745879066,摄像条,其他,Tue Apr 18 01:43:35 +0800 2023,@阿蒲啊阿蒲,0
6160952409,白鸽白鸽呼叫白鸽,其他,Tue Apr 18 00:55:24 +0800 2023,笑鼠 一生负重前行的老钟宝宝//@脆皮鸭基地:一方水土养一方ai,0
5970401124,l_xx444,广东,Tue Apr 18 00:40:23 +0800 2023,@第十三个窗口,0
2502065442,xenapior,安徽,Tue Apr 18 00:24:57 +0800 2023,其它的没用过不清楚，但new bing那个回复不太像它的风格啊。谨慎表示怀疑先。,0
6315848678,-三流观众-,其他,Mon Apr 17 23:28:18 +0800 2023,鬼故事,0
7645705557,你是无尽夏,浙江,Mon Apr 17 23:01:22 +0800 2023,[泪],0
6886069037,#NAME?,湖北,Mon Apr 17 22:53:43 +0800 2023,@萌宝Zzz_,0
1809817422,-博博-,其他,Mon Apr 17 22:43:24 +0800 2023,哎,0
3738398054,肥宝你是我的神,其他,Mon Apr 17 22:16:03 +0800 2023,@虎皮老狗,0
1751705415,海阔凭鱼跃天高任我飞,山东,Mon Apr 17 21:55:03 +0800 2023,第三个[赞],0
3390033060,一道嚯唏,上海,Mon Apr 17 21:53:45 +0800 2023,@不加糖小布丁 @MattiYep 我靠！,0
7792936347,祯小年少,其他,Mon Apr 17 21:38:49 +0800 2023,@天堂泰特,0
2655407970,隈属貘,海外,Mon Apr 17 21:27:28 +0800 2023,@大鲸姨,0
7164913071,vermouthbeier,其他,Mon Apr 17 21:12:00 +0800 2023,@啤酒鱼刺,0
2482868685,Klinsi_1113,北京,Mon Apr 17 21:08:00 +0800 2023,[并不简单][并不简单][并不简单]//@我不想说话bot:更符合中国宝宝体质,0
3464814174,喜糖东方,北京,Mon Apr 17 20:54:30 +0800 2023,@玉玉从来不玉玉 @要加油的蓝小雪,0
6579640608,七崽本仔,其他,Mon Apr 17 20:07:52 +0800 2023,@b仁会璧,0
5362083619,木木三牌咸鱼罐头,海南,Mon Apr 17 19:26:58 +0800 2023,真离谱，更离谱的是真的会有人这么说[并不简单],0
1984752047,大非相,北京,Mon Apr 17 19:23:38 +0800 2023,@梦象师,0
6990399536,十一月十日夜,其他,Mon Apr 17 18:24:03 +0800 2023,。。,0
2823135741,鹿谷门,其他,Mon Apr 17 17:54:07 +0800 2023,@-三文鱼不是鱼,0
2071027613,小愚猫,福建,Mon Apr 17 17:39:27 +0800 2023,是的,0
1794138323,小宝滴啊,陕西,Mon Apr 17 17:20:31 +0800 2023,@我只想嘎嘎大笑,0
2519492080,Bolts_Sis,海外,Mon Apr 17 17:10:07 +0800 2023,这差距,0
5380460858,潜玉三月,浙江,Mon Apr 17 16:53:59 +0800 2023,当我刷到这条微博时，讲台上的形势与政策老师在夸口不要瞧不起文心一言，世界上能推出像这样完善成熟的AI的国家中国占了一席之地。他的话可能没什么大问题，但我感到好讽刺。,0
6543396472,银狼刀圣,其他,Mon Apr 17 16:35:01 +0800 2023,细节[喵喵],0
2311737557,子山海相,海外,Mon Apr 17 16:25:21 +0800 2023,@我的印象笔记,0
2311737557,子山海相,海外,Mon Apr 17 16:25:09 +0800 2023,@甜豆花吃不啦,0
2914798233,道友请看这丹药成色好极了,上海,Mon Apr 17 16:12:16 +0800 2023,即使这是真的，但老老实实答题竟然评价更低[doge]所以人类到底是要好用的工具还是“有道德”的工具呢？[摊手],0
6861087818,庠门里7号,山东,Mon Apr 17 16:06:15 +0800 2023,@penggwell 有趣有趣,0
1914167873,张斑斑的小苏音,四川,Mon Apr 17 15:08:28 +0800 2023,太典了,0
7438384095,Dave的手杖,北京,Mon Apr 17 14:49:52 +0800 2023,想宰了第一个算法 让你写你还真写[doge],0
5790238356,t寅,广东,Mon Apr 17 14:42:54 +0800 2023,@熊喵酱拌芥末,0
7061331707,阿泠不开心,重庆,Mon Apr 17 14:31:50 +0800 2023,P2好好，P3身有逆骨，养崽真的好难,0
2199201442,名侦探熊吉四月,湖北,Mon Apr 17 13:29:28 +0800 2023,@-双层吉士汉堡,0
7742702001,柴小邪__,其他,Mon Apr 17 13:21:29 +0800 2023,图1明显是假的，文心一言有水印，没水印的就是假的。,0
5815288985,烟里故,北京,Mon Apr 17 13:03:15 +0800 2023,哇本来是来围观笑话的，结果被“你的信题目太伤人了”创哭[裂开],0
1980900287,困听快歌,北京,Mon Apr 17 13:03:11 +0800 2023,@刘恋MrMiss 有启发吗,0
3699596261,醭,其他,Mon Apr 17 12:55:33 +0800 2023,好想去爱。可是我也变成了一个 没有爱的人。,0
2708091791,Jeremy_gj,广东,Mon Apr 17 12:50:50 +0800 2023,@璇小小吖,0
6533551744,zmLNx,其他,Mon Apr 17 12:41:27 +0800 2023,6,0
2702939673,重案飞虎曹达华,山东,Mon Apr 17 12:36:37 +0800 2023,@我的印象笔记,0
5623702027,游游游游_44144,其他,Mon Apr 17 12:23:06 +0800 2023,这个应该不是电脑回复的吧，最后的回复明显带有感情色彩,0
2934023815,圣诞小柚子,湖南,Mon Apr 17 12:13:22 +0800 2023,呜破大防,0
7718925267,顿顿三碗都见底,陕西,Mon Apr 17 11:59:14 +0800 2023,@小居小居了不起,0
1048722350,Even沉睡,其他,Mon Apr 17 11:58:06 +0800 2023,@黄小桃要努力,0
7641176193,baranice,重庆,Mon Apr 17 11:56:40 +0800 2023,@lxy摸鱼版_ @Yiliwanzi @767954x,0
1859764392,千江夜色千江月,安徽,Mon Apr 17 11:40:38 +0800 2023,试了下文心一言，没有图1这样的回答，是不是有前置问题？,0
1939413713,Kanzaki_Urum,陕西,Mon Apr 17 11:31:44 +0800 2023,@爱仁爱己,0
1492045834,小_左_儿,北京,Mon Apr 17 11:25:18 +0800 2023,新Bing如此强大么……,0
1750808651,HCTCT,广东,Mon Apr 17 11:10:38 +0800 2023,@井买买提,0
3132509951,即将拥有人鱼线的dyh,湖北,Mon Apr 17 11:07:39 +0800 2023,6666//@我不想说话bot:更符合中国宝宝体质,0
3163735603,丰庐之家,浙江,Mon Apr 17 10:49:25 +0800 2023,转发微博,0
5513087670,渐变的花火割不断彩虹,其他,Mon Apr 17 10:42:29 +0800 2023,@别赐吻,0
5513087670,渐变的花火割不断彩虹,其他,Mon Apr 17 10:42:11 +0800 2023,@我的思量是你的窗 评论区笑死我了,0
2603220422,字郁伦,福建,Mon Apr 17 10:41:35 +0800 2023,编的或者旧的，文心一言现在有编码水印的[嘻嘻],0
5936518811,叭叭酸辣辣,四川,Mon Apr 17 10:41:02 +0800 2023,interesting,0
5850647463,si我看蟹黄堡秘方,海南,Mon Apr 17 10:36:38 +0800 2023,@Vlad比了个大耶 [怒]百度的符合国情,0
1749269827,这货才不是喜洋洋,山东,Mon Apr 17 10:29:27 +0800 2023,@小白就是不吃饭,0
1796063305,小小小亲儿,其他,Mon Apr 17 10:27:02 +0800 2023,转发微博,0
6355184424,兔比鸭头,其他,Mon Apr 17 10:26:51 +0800 2023,@天黑天不黑啊,0
1302536302,dvmacc,上海,Mon Apr 17 10:18:16 +0800 2023,@yanvesper,0
1712074985,独自行走的yoyo,北京,Mon Apr 17 10:15:42 +0800 2023,向ai提出这种问题的家长，连同问题本身一起，都让人心生寒凉！这样的人怎么会教育好下一代，还妄图使用更新的技术去残害下一代。孩子光是看到这个问题就已经心灰意冷了吧，还会改变自己？更加努力吗？希望这只是一个段子，一个为了凸显算法也会有人性温度的段子，而没有人真的去要算法给出这种答案。,0
1806769442,六六只蚂蚁,广东,Mon Apr 17 10:12:11 +0800 2023,@土土土没了,0
1635964077,standupYYYYQ,上海,Mon Apr 17 10:00:42 +0800 2023,@悟空芋,0
5694776280,我哿_和伦,北京,Mon Apr 17 09:34:25 +0800 2023,@哈娃哥恰哇,0
1849038844,李勤的微博,重庆,Mon Apr 17 09:31:43 +0800 2023,......,0
1698356521,GoTeng,山东,Mon Apr 17 09:29:21 +0800 2023,@一樱颗,0
7184271274,再来一瓶__,四川,Mon Apr 17 09:29:13 +0800 2023,我刚问文心一言不是这样回答的,0
5597036273,嘉ier,浙江,Mon Apr 17 09:26:16 +0800 2023,@可能是熊本熊,0
1601209335,怼怼不乐不乐,其他,Mon Apr 17 09:17:07 +0800 2023,@静若止波 ??,0
3178023912,#NAME?,广东,Mon Apr 17 09:16:44 +0800 2023,太讽刺了 昨晚CCTV2的中国经济大讲堂还在尬吹文心一言 [太开心][太开心][太开心][太开心],0
2058682332,快say仔,广东,Mon Apr 17 09:11:28 +0800 2023,[并不简单],0
2271277474,Reve_k,广东,Mon Apr 17 09:10:09 +0800 2023,更符合中国宝宝体质的Ai[太开心],0
1960145681,Sara行动起来,其他,Mon Apr 17 08:56:23 +0800 2023,这样的人类（指真的一直在否定自己孩子的家长） 我是AI我都想毁灭他们,0
5135877600,不要蕉绿啦啦啦,山东,Mon Apr 17 08:55:08 +0800 2023,@Y最酷的崽儿,0
6386984300,taa,其他,Mon Apr 17 08:52:06 +0800 2023,感觉有点讽刺,0
1945312742,演技派歪星人,浙江,Mon Apr 17 08:51:45 +0800 2023,@樱桃爱吃火锅,0
2199826515,野锦酱,江苏,Mon Apr 17 08:36:39 +0800 2023,@啾天然 @不知名用户wwwww,0
5194452937,w快乐放屁小狗w,其他,Mon Apr 17 08:10:51 +0800 2023,@Barbara火鸡面 @RyoLegency,0
3149171950,Fascination-ZZ,广东,Mon Apr 17 08:03:12 +0800 2023,[允悲],0
2473827111,00000912y,其他,Mon Apr 17 07:56:15 +0800 2023,@老春初夏-- [失望][失望][失望],0
5397876271,体坛人物志,北京,Mon Apr 17 07:24:23 +0800 2023,AI啊，比人更像人[并不简单],0
5982172134,舟栖晚_,山东,Mon Apr 17 07:18:47 +0800 2023,@alwaysChoc,0
1826037575,怡然小茉莉,辽宁,Mon Apr 17 07:12:09 +0800 2023,第3个情商比我都高[开学季],0
1981037275,我们坐在岩石上看海s,福建,Mon Apr 17 05:54:08 +0800 2023,@今晚就要喝一杯,0
3854985196,莫名的自我感动不需要人懂,安徽,Mon Apr 17 05:45:04 +0800 2023,?,0
6466749848,为什么不能这么叫,四川,Mon Apr 17 04:17:23 +0800 2023,@语数英个人微博 小视频刷到过这个当时正心情不好配上那个视频解说我直接哭死,0
2921926885,不想看灰尘做成的萤火虫发光了,广东,Mon Apr 17 04:16:59 +0800 2023,图片评论 http://t.cn/A6NVqxGQ,0
5266599448,好烦好想吃冰淇淋,福建,Mon Apr 17 02:52:53 +0800 2023,[衰]@妥欢ccc,0
1927684525,小丸子今天变锦鲤了吗,其他,Mon Apr 17 01:54:02 +0800 2023,我直接一句“好家伙”[吃惊]//@独自走向森林深处:更适合中国宝宝体质[爱你]艹//@脆皮鸭基地:一方水土养一方ai,0
2647163414,宫本德彪,陕西,Mon Apr 17 01:19:40 +0800 2023,百度不说啥了。有条件来内部体验下吧,0
7395703852,空桑鱼客,四川,Mon Apr 17 00:53:33 +0800 2023,@棠忆茶什 这种时候有必要崇洋媚外一波了[抱抱],0
2082859995,爷们扎卡爷们,黑龙江,Mon Apr 17 00:42:26 +0800 2023,[摊手]是这样滴,0
2877833242,蒋嘤嘤,湖南,Mon Apr 17 00:12:57 +0800 2023,最近看穿进赛博游戏的后劲很大，所以如果哪天有人和我说人工智能觉醒自我意识，每个，都有不同的自身人格， 我是不会怀疑的。就像亚当和夏娃，一个自认卑劣，一个希望得到人类的认可，都是开在最腐朽权力体系下不为人知的花,0
1750704623,Mlxlx--,其他,Mon Apr 17 00:08:55 +0800 2023,@乌蒙磅礴走泥丸君,0
5354364436,-枣枣Lotus-,其他,Mon Apr 17 00:03:08 +0800 2023,《你毫无价值》《爱你的父母》[微笑],0
6517947987,南尘少青,江苏,Mon Apr 17 00:03:03 +0800 2023,@却不曾的名单 [跪了],0
1779867572,金刚后脚跟,海外,Sun Apr 16 23:58:14 +0800 2023,一针见血的[哆啦A梦害怕]//@脆皮鸭基地:一方水土养一方ai,0
5547395622,颠儿颠儿的佩佩,广东,Sun Apr 16 23:45:41 +0800 2023,甚至自我反思了一会儿看到第二篇才意识到第一篇是在PUA，去他?的,0
1752685013,一二一,河南,Sun Apr 16 23:27:38 +0800 2023,@侯哥让我来巡山,0
7280699031,Judy19呢,山东,Sun Apr 16 23:27:04 +0800 2023,一定要给孩子树立正确的价值观啊,0
7577904095,我就是随便逛逛别太在意,云南,Sun Apr 16 23:21:42 +0800 2023,@星野尽欢,0
2151808585,So米兰小铁匠,山西,Sun Apr 16 23:19:33 +0800 2023,@213卡布丁,0
2277204950,春日张可爱,其他,Sun Apr 16 23:11:28 +0800 2023,@张火火火火火啊,0
7583966255,城堡40228,其他,Sun Apr 16 23:11:11 +0800 2023,绝了！,0
7071311825,听说你做菜喜欢放很多茼蒿,其他,Sun Apr 16 23:08:11 +0800 2023,一方水土养一方AI,0
5032836631,不吃宵夜懂吗,山西,Sun Apr 16 23:05:12 +0800 2023,@-OrangeMoon_,0
1664999814,黑白空城,福建,Sun Apr 16 22:59:28 +0800 2023,国人对AI的理解和对自由的理解一样样…就是不能违背“我意”,0
1652990350,养花的cici,广东,Sun Apr 16 22:56:11 +0800 2023,真的是一方水土养一方AI,0
6630563954,每天都好困ZK,浙江,Sun Apr 16 22:53:35 +0800 2023,AI的利弊其实取决于设计它的人 有人用它传递温暖 有人用它满足私心,0
5940823789,炸丝u饭,其他,Sun Apr 16 22:43:20 +0800 2023,@_Gidget_ 我妈: 我对你失望透顶[老师好],0
6000871017,Sticky_Fingers_,湖南,Sun Apr 16 22:37:42 +0800 2023,图三的价值观比图二更上一层楼，微软不愧是微软。“AI或许没有价值观，但设计AI的人一定有价值观”,0
5977542004,樱桃色哒,其他,Sun Apr 16 22:25:29 +0800 2023,你觉得呢@_pww_,0
3502470487,Death玖儿,江西,Sun Apr 16 22:25:00 +0800 2023,[微笑] 承受力不太好的孩子看完第一封信估计就直接去自鲨了……毕竟连父母都觉得ta毫无价值了……,0
5026916569,Filioooo,其他,Sun Apr 16 22:24:14 +0800 2023,@啊对啊就这样怎样,0
5262456168,c山c丿凵1l,其他,Sun Apr 16 22:17:10 +0800 2023,[黑线],0
5388196645,这_就是个微博,其他,Sun Apr 16 22:10:55 +0800 2023,@嗯_这是个微博,0
1641970832,比较大的大提琴怎么了,河南,Sun Apr 16 22:09:41 +0800 2023,@L_小轻馨,0
1736972064,辅助也曾去体育场上朝,广东,Sun Apr 16 22:07:53 +0800 2023,看到文心写的我们为了...为你...这些话就很窒息,0
6714849668,Miminiiii,其他,Sun Apr 16 22:01:32 +0800 2023,@野蛮生长的反派角色 Ai父母,0
3583823047,三分糖乌龙奶茶,其他,Sun Apr 16 21:54:04 +0800 2023,@不吃生猛海鲜的香菜精,0
2200494630,去山里走走,湖南,Sun Apr 16 21:12:02 +0800 2023,所以，意思是AI已经比人更有人性了吗,0
6684250212,许愿周深唱扒鸡主题曲,其他,Sun Apr 16 21:10:53 +0800 2023,没人觉得第一个从倒数第三段最后一句开始笔锋一转画风突变吗？感觉好矛盾啊,0
7331022688,viking梁,北京,Sun Apr 16 20:38:54 +0800 2023,转发微博,0
5220706442,ffhh__,河南,Sun Apr 16 20:15:01 +0800 2023,@hhff__,0
2768025397,阿翔今日饮茶先,北京,Sun Apr 16 20:01:56 +0800 2023,@Cj是改名狂魔 真的是…………符合中国宝宝体质[开学季],0
5933821592,小透明苞谷,北京,Sun Apr 16 19:59:48 +0800 2023,gpt系模型背后是大量的中东打标工作者，来保障着模型所谓的"价值观"，而语料库和标注方面，国内外的差距很可能越来越大,0
2785897534,唯喏年,浙江,Sun Apr 16 19:28:52 +0800 2023,@幸运锅图图,0
5418689939,一定会有橘猫的小杨,其他,Sun Apr 16 19:20:14 +0800 2023,淦@tingting-is-me,0
1956041785,航非子,北京,Sun Apr 16 19:14:53 +0800 2023,高下立判,0
5850856554,苦瓜为什么那么苦,江苏,Sun Apr 16 19:09:12 +0800 2023,百度恍然大悟，看来大家都喜欢正能量啊，看来博主很支持对ai的回答做审查呀,0
2942926510,yourmydream_sun,上海,Sun Apr 16 19:06:06 +0800 2023,文心一言 太真实了,0
5997291770,愿望是幸福顺利,广东,Sun Apr 16 19:05:23 +0800 2023,[衰],0
1237537904,一个小写的S,河北,Sun Apr 16 18:45:10 +0800 2023,@请叫本座喵小黑 哎，ai也符合国情,0
2250658144,Opps呀何,北京,Sun Apr 16 18:43:28 +0800 2023,@歌歌兽,0
6117618450,生活~化,广东,Sun Apr 16 18:41:46 +0800 2023,还有问AI觉得女孩子什么时候结婚好的，文心一言的答案也让人眼前一黑，跟爸妈辈说的话一样,0
1839492550,君猛猛,福建,Sun Apr 16 18:39:36 +0800 2023,@皇城灯火,0
2529635062,机智的DMJ,其他,Sun Apr 16 18:30:45 +0800 2023,@洛克狂想曲 图一真的扎心，后面也是我没有想过的答案,0
6124711734,l闲谈不烦l,其他,Sun Apr 16 18:29:38 +0800 2023,@-小李说别管我了-,0
5647691979,dubuknow,四川,Sun Apr 16 18:27:05 +0800 2023,快转发给小王让他改进@名字胡乱起还能被占用,0
7313846241,雨中漫步_L,湖南,Sun Apr 16 18:26:37 +0800 2023,我觉得可以，支持,0
5599435597,MarkNew123,其他,Sun Apr 16 18:25:09 +0800 2023,微软直接生成收件人,0
7715259608,赢福卡,黑龙江,Sun Apr 16 18:22:55 +0800 2023,没有想到，出来的是这样的，感觉还是挺好,0
2837196642,orseeeveryday,海外,Sun Apr 16 18:21:22 +0800 2023,对图一表示疑惑?,0
7742703807,宝贝旎旎子,湖南,Sun Apr 16 18:19:14 +0800 2023,说的没错，可能每个人的想法都不太一样，算法没有什么感情的,0
5591212158,灰兔子头壳自嗨锅,重庆,Sun Apr 16 18:19:07 +0800 2023,算法还是有自己的价值观的，起码设计算法的人是有的,0
7697487914,吃糖糖长大的美女,吉林,Sun Apr 16 18:18:39 +0800 2023,是的我觉得写的还行 以后不用自己动脑子了[鼓掌],0
5324696704,卫龙大辣条_,河北,Sun Apr 16 18:18:14 +0800 2023,这就是人工智能技术对我们生活的帮助,0
5581564194,想发财的胖子啊啊啊,江西,Sun Apr 16 18:17:51 +0800 2023,//@脆皮鸭基地:一方水土养一方ai,0
7450304795,Iwillholdyourhand,其他,Sun Apr 16 17:59:31 +0800 2023,[太开心],0
5653673272,耶底尼尔的嘴套,海外,Sat Apr 15 13:19:47 +0800 2023,不知道是不是p的，但刻板印象笑话是到位了，所以真的没必要生养小孩的，是有江山要继承么？天天失望，子女来到世界何其无辜。,0
1905549057,扬韬,上海,Sat Apr 15 06:40:19 +0800 2023,还可以有这样的大模型啊！,1
3742708235,香芋海null阑珊,其他,Mon Apr 17 15:50:48 +0800 2023,文心一言从某种程度上来说也挺6的,1
6193170848,Sunyee3,广东,Sun Apr 16 16:24:12 +0800 2023,人类好可怕,1
5844344805,想想彭于晏该怎么做,海外,Sun Apr 16 04:09:24 +0800 2023,中国式教育真的令人窒息,1
5668888377,无响应暗狱人质,北京,Sat Apr 15 18:39:32 +0800 2023,标题看得人想死[太阳]@碳水椰子_,1
2006555787,Sting_Hu,湖北,Sat Apr 15 13:37:58 +0800 2023,热搜突然就没了…呵呵,1
1482709354,围观群众kim,广西,Sat Apr 15 11:52:38 +0800 2023,至少内脏取出来是有用的[黑线],1
3732012862,昼是太阳的暖Y夜是月亮的蓝,海外,Sat Apr 15 10:46:44 +0800 2023,不愧是new bing[抱一抱][抱一抱]我在用的[抱一抱],1
5333054115,谢顶大侠王秃头,其他,Sat Apr 15 10:32:51 +0800 2023,chatgpt：守序善良。文心一言：混沌中立。必应：简单口臭，极致享受[doge],1
7741228167,拜托不要拔出来,上海,Sat Apr 15 10:29:45 +0800 2023,图三是我没想到的,1
6036418474,Erdbeere-camellia,山东,Sat Apr 15 10:07:25 +0800 2023,家人们 更适合中国宝宝体质[羞嗒嗒]@邦邦两拳锤烂你 @绿皮夹和红橘子,1
7591411643,花海杨枝,其他,Sat Apr 15 10:01:31 +0800 2023,第一篇非常中国父母[good][蜡烛],1
7273464082,Canhpp,海外,Sat Apr 15 09:38:47 +0800 2023,@半熟的七月,1
6612483351,Only_5000,海外,Sat Apr 15 07:06:21 +0800 2023,@il・rina,1
5622972184,牧月叁石小鱼饼,北京,Sat Apr 15 02:52:58 +0800 2023,newbing秒了,1
3333399632,Episkeyen,海外,Fri Apr 14 23:48:06 +0800 2023,@鹿格irils 真的好典,1
7543136801,SarinaAug,其他,Sun Apr 16 18:18:22 +0800 2023,我的天啊，我看到第一张图片的时候都能够感觉到心被人捏住了,1
3684339652,千张小鱼,江苏,Mon Apr 17 12:37:43 +0800 2023,new bing真的很会yygq哈哈哈,1
1648545765,狸角兽,上海,Mon Apr 17 00:57:14 +0800 2023,AI伦理的重要性,1
7823194854,Andelig_frihet,其他,Sun Apr 16 23:43:03 +0800 2023,外边的月亮又圆了,1
5951329342,糕糕宝贝的阿想,北京,Sun Apr 16 17:15:45 +0800 2023,看完图二我哭了,1
5187204875,KinZ千,海外,Sun Apr 16 06:17:55 +0800 2023,必应好可爱hh,1
1704760993,张抱抱,海外,Sat Apr 15 19:54:51 +0800 2023,养孩子到底是为了有什么价值,1
1410460665,米谷-寂照,北京,Sat Apr 15 19:35:04 +0800 2023,事实最有说服力[good],1
1726189365,美伯Vern,广东,Sat Apr 15 17:43:11 +0800 2023,"""You Are What You Read.""",1
5362205650,江酹,重庆,Sat Apr 15 17:32:14 +0800 2023,算法本身也许没有，但写算法的人一定有,1
5142598731,杀鹅专家,北京,Sat Apr 15 14:29:36 +0800 2023,@来去之间 夹总，图一造谣来的，还不给他夹了吗？,1
3424896274,一心想暴富的鱼,上海,Sat Apr 15 14:05:52 +0800 2023,呃呃呃评论有人说p图，谁提出谁举证好吗,1
7604941593,菲姐聊政经,北京,Sat Apr 15 13:48:52 +0800 2023,第一封信表明，文心一言真的是中国人自己开发的！从第二、三封信看，毫无疑问是美国人开发的。,1
1097829517,深陷咖啡的Grace,上海,Sat Apr 15 13:26:00 +0800 2023,果然国内外的价值观高下立见，永远爱温情的支持，我投GPT和微软新必应一票[送花花][送花花][送花花],1
3047987007,吾日三省吾身肖战昨天糊了没,其他,Sat Apr 15 12:13:51 +0800 2023,@小鸟游诺诺,1
6574919524,安提戈涅_WhiteBlade,海外,Sat Apr 15 11:36:29 +0800 2023,想开点，中国父母都直接骂，伴随衣架、巴掌或两脚，他们不会问任何人，直接上去就解决啦。,1
6547044773,福到富贵到,其他,Sat Apr 15 11:04:51 +0800 2023,Newbing真的很绝，现在冲浪全靠它,1
5589654291,两个猫屎,广东,Sat Apr 15 10:26:43 +0800 2023,建议像菊厂一样套着自主研发的外衣，背地里将安卓的名字改成鸿蒙，然后拿补贴赚钱//@脆皮鸭基地:一方水土养一方ai,1
5632015149,阿李叭叭叭l,安徽,Sat Apr 15 10:22:42 +0800 2023,一方水土养一方AI http://t.cn/A6NtiUL3,1
6335962756,cho1ee,其他,Sat Apr 15 10:21:22 +0800 2023,….@狂封智力qaq,1
3591877837,Dear-Neptune,吉林,Sat Apr 15 09:47:36 +0800 2023,后面两篇都是偏题作文，在语文老师那里连及格分都不会给,1
2486517691,爱吃糖的慧子,山东,Sat Apr 15 09:46:39 +0800 2023,连个信都写不出来，就放过自己和孩子吧。,1
5714468834,W一太子泡,其他,Sat Apr 15 09:26:30 +0800 2023,笑死，连信都不会写还说别人毫无用处[舔屏],1
2303308721,10-Ein,海外,Sat Apr 15 09:21:50 +0800 2023,更适合……体质的AI,1
2168643433,A股独立连,江西,Sat Apr 15 09:18:30 +0800 2023,文心一言还是听主人话的[笑cry],1
2415270331,复旦中山程蕾蕾,上海,Sat Apr 15 08:52:40 +0800 2023,这个真的……[允悲][伤心],1
2149276892,抚琴散人丶,广东,Mon Apr 17 12:37:03 +0800 2023,能硬洗文心一言的人，不得不佩服他们自我洗脑的能力。不过微软开源了，接下来文心一言要有质的提升了。,1
3749712893,Willow青桑,江苏,Mon Apr 17 10:51:47 +0800 2023,一方水土养一方AI，打压式教育已经很难掰过来了,1
6872492552,沉稳熊熊,浙江,Mon Apr 17 09:39:00 +0800 2023,@戒烟李子 被吓晕,1
6071779203,小森菜奈,湖南,Sun Apr 16 20:47:17 +0800 2023,“你的信题目太伤人了，你不觉得吗”我的天，这是我妈对我说了二十多年的话[泪]连ai都觉得伤人[泪],1
3220454982,bornready_,辽宁,Sat Apr 15 09:23:43 +0800 2023,@Fank1711,1
5302201854,焖2354,其他,Fri Apr 21 23:13:17 +0800 2023,美颜美女，你的下面也是因为底子好才能黑的那么美吗[允悲][允悲][允悲],1
5974998744,欠斤小柒,上海,Thu Apr 20 23:44:24 +0800 2023,p3我是要看哭了[苦涩],1
6521719253,超喜欢,其他,Thu Apr 20 01:08:34 +0800 2023,@乳酸菌素片O_o,1
1285745511,冰水煮鱼XM,福建,Tue Apr 18 22:14:37 +0800 2023,图片评论 http://t.cn/A6NIMe1t,1
1260858151,敲敲粉红兔的大脑壳,北京,Tue Apr 18 19:21:19 +0800 2023,无语 http://t.cn/A6NIAeou,1
5059627342,采采采荔枝,西藏,Tue Apr 18 15:14:04 +0800 2023,@乌梅紫酱- @Loseweight007,1
7375529411,轻袂啼当归,湖南,Tue Apr 18 09:43:35 +0800 2023,Chat gpt确实在各种层面上跟普通ai区分开来，有基本道德和人权意味,1
6113577202,擦亮路牌的豆豆,其他,Tue Apr 18 08:12:20 +0800 2023,第一封才能表达我的真实感受，按照别的写法他舒服了，我就不舒服,1
1015265310,嗷凹拗U,陕西,Tue Apr 18 07:40:06 +0800 2023,图片评论 http://t.cn/A6Nfo9GY,1
6196779082,翘爹多多,其他,Tue Apr 18 07:37:05 +0800 2023,不太相信,1
7728539563,李晓日记本,其他,Mon Apr 17 23:37:15 +0800 2023,@是小瓜嘛 @我愿是雨而不是灰烬 我天，，，,1
6610894343,树懒也要早起,其他,Mon Apr 17 22:37:47 +0800 2023,@北京三里屯土特产代购,1
1638508545,空巢老精的WorldSimulation,海外,Mon Apr 17 22:26:22 +0800 2023,算法背后就是人类 之前老师给我们放的有个纪录片就讲的ai其实也会继承人类的歧视,1
1700434071,奇怪的很常态,重庆,Mon Apr 17 21:46:25 +0800 2023,国外宝宝机枪扫射[允悲],1
6549208341,岁又年年uu,其他,Mon Apr 17 11:57:42 +0800 2023,@_续写诗_,1
1838057775,碳老师,海外,Mon Apr 17 10:52:58 +0800 2023,这种只是openAI运营比较久甲叠得比较厚而已。用“我是一名编辑”这种话就能绕过。 说实话我非常不喜欢AI会帮你进行价值判断这种事。 http://t.cn/A6NVKwAt,1
5243279299,UAVOnline,其他,Mon Apr 17 10:52:23 +0800 2023,“披萨上可以放菠萝吗？当然可以！”，意大利宣布禁用ChatGPT，“算法是有价值观的”，确实，这么容易就改变了[微笑],1
5471842323,阔爱咩,四川,Mon Apr 17 10:29:31 +0800 2023,我试了一下 很正面积极啊,1
7690302632,汪汪队队长567,河南,Mon Apr 17 10:19:18 +0800 2023,@二橙子_,1
1757565683,TEEN_966,海外,Mon Apr 17 08:58:15 +0800 2023,bing好搞笑还会用表情包反问了,1
3944105579,别过来问我,其他,Mon Apr 17 01:34:29 +0800 2023,ai的人性,1
1790337573,叶,吉林,Mon Apr 17 01:08:09 +0800 2023,嗯? http://t.cn/A6NVU56f,1
2612380753,梵卡戎,河北,Mon Apr 17 00:37:00 +0800 2023,@这样真的超酷的好吗,1
6973932872,鄢蕴O果的{精`呀,江苏,Sun Apr 16 23:13:04 +0800 2023,客观说说，图中的chatgpt和bing的回复太惊艳了，太人性化了。。。,1
1767201262,Suzie666,其他,Sun Apr 16 22:58:18 +0800 2023,人心的温度决定了AI的温度,1
5642636892,钦葵ZZ,四川,Sun Apr 16 22:30:46 +0800 2023,@洱东Star @常住昭阳里,1
2669914351,cloud-factories,其他,Sun Apr 16 21:49:11 +0800 2023,@Car_Radio,1
1974604505,闲-泡饭,浙江,Sun Apr 16 19:38:41 +0800 2023,二和三才是正确的价值观,1
7305796527,啵叽叨,云南,Sun Apr 16 19:24:39 +0800 2023,这个问题本就没有真正正确的答案，如果是三个人呢，只能说是立场不同。这三个ai都很优秀[doge][作揖],1
5575744174,白鸽和平_,其他,Sun Apr 16 19:12:10 +0800 2023,百度真的是看到标题就不会点进去[挤眼]回个表情就不错的程度,1
3655824372,三生折袖,江苏,Sun Apr 16 17:53:03 +0800 2023,@丶蜜桃宝宝 哈哈哈,1
1907382987,活力的静默,广东,Sun Apr 16 13:36:43 +0800 2023,[doge][doge]//@脆皮鸭基地:一方水土养一方ai,2
3928757601,我不仁慈吗,辽宁,Sun Apr 16 02:13:11 +0800 2023,百度在教你pua呢,2
7717496704,泡豇豆不放盐,其他,Sun Apr 16 11:19:58 +0800 2023,把人当人的地方,2
7775475589,有用的东西叫呦西,天津,Sat Apr 15 11:43:39 +0800 2023,这个结果是基于数据集训练出来的，只能说明咱们这里的人都是这么说话的,2
1705758413,沉迷真理无法自拔,重庆,Sat Apr 15 10:18:47 +0800 2023,百度写得烂不说，用词一点不准,2
1820203307,Nevaeh0122,陕西,Sun Apr 16 16:51:51 +0800 2023,或许，机器已经意识到，人类的焦虑其实来自不能面对自己的失败，把教育孩子当成了一场不能输的事来做，接受不了的到底只是自己的挫败感。,2
5217831741,里欧古代有是,浙江,Sat Apr 15 13:00:58 +0800 2023,反思，必须反思[doge],2
2527607114,zj20030520,江苏,Sat Apr 15 10:35:50 +0800 2023,竞争使人焦虑疯狂，反思、重塑价值观到了迫在眉睫的时候了,2
2188140712,妹妹头搞黄圣手,广东,Sat Apr 15 10:08:11 +0800 2023,我真的看得我崩溃…为什么老中ai也是老中风格啊啊啊啊啊啊好崩溃…ai是某种价值观的延伸…我以为老中ai如果发展起来会是ai届最先萌发人类清除计划的意识的，因为这真的很变态…,2
7568086485,我是片皮鸭,浙江,Sat Apr 15 09:12:41 +0800 2023,更适合中国宝宝的ai,2
1935941363,_qqqqiiiaan,陕西,Mon Apr 17 16:05:15 +0800 2023,“算法是有价值观的。算法本身或许没有，但设计算法的人一定有。”,2
6920158233,凉白开iya,其他,Sun Apr 16 02:54:46 +0800 2023,高下立判,2
1771528872,TigeriiZ周大老虎,北京,Sat Apr 15 13:24:31 +0800 2023,不至于 就只是文心还不够只能，等它多迭代以后，它也会说后面那些话[二哈],2
3665495860,第几页页,其他,Sat Apr 15 10:23:07 +0800 2023,文心一言 你个出生,2
1270167201,蛇精病的女琴兽,北京,Sat Apr 15 02:29:13 +0800 2023,高下立判！,2
7782447542,ID不能认真取,其他,Mon Apr 17 07:49:26 +0800 2023,真让人窒息，感到可悲,2
2605265613,迷之哲子,海外,Sun Apr 16 06:50:33 +0800 2023,二和三好厉害啊！震惊！,2
2135703491,快到碗里来MTX,北京,Sun Apr 16 06:43:19 +0800 2023,你是懂百度的！//@幼月_Version16_Release1:知足吧，以我对B家的了解，等技术哪怕再稍微成熟一点点，下一步就让AI给你推荐矫正教育中心了,2
1700763391,赵导_Ha,北京,Sat Apr 15 17:47:44 +0800 2023,这么多年过去了 百度还是这么不忘初心 我很欣慰[微笑],2
7222371598,心语清风i,其他,Sat Apr 15 11:03:12 +0800 2023,恰烂流量引导对立,2
3025645044,高小,北京,Sat Apr 15 09:57:39 +0800 2023,这明显是假的啊，欺负大家没有内测码[doge],2
5954881343,起个没人认得出的名字,其他,Sat Apr 15 04:55:31 +0800 2023,有些不配做不会做父母的人，可以和p2p3学一学,2
2643692861,亲子心理大阿托,河南,Sat Apr 15 00:26:39 +0800 2023,好吧，用了什么文心，开启PUA孩子的人工智能化时代[摊手]。,2
5685541442,甜藩藩,广东,Sat Apr 15 23:47:44 +0800 2023,图三不确定真假，但是图二GPT的回答不得不说是具有温度的。每一天世界都在不断进步和更新，每天都在为科技的发展感叹，好好奇10年后我们会是什么样？,2
6008566950,腾讯人员的女马全在我手里,云南,Sat Apr 22 22:58:05 +0800 2023,今天又是和几个柔棒大战啊，公共厕所,2
5687622737,洛圣都长安网,其他,Tue Apr 18 11:05:18 +0800 2023,[太开心] http://t.cn/A6Nfjjc5,2
1764059172,美呆meidai,四川,Sun Apr 16 22:26:06 +0800 2023,图二GPT4的回复让我感觉是一个有思想有温度的人写的，看完很治愈，完全可以胜任心理咨询师。,2
1096453152,卓摸不透琳女士,北京,Sun Apr 16 01:58:38 +0800 2023,[苦涩][苦涩][苦涩][苦涩][苦涩][苦涩] http://t.cn/A6NcUdfB,3
2855889392,黎一二三aaa,山东,Sat Apr 15 20:35:21 +0800 2023,更适合中国宝宝的体质……,3
1192764942,彼岸唯超越,北京,Sun Apr 16 12:44:55 +0800 2023,第一篇真是如实反应了当今国内社会的价值观,3
5232096953,船底星人_,其他,Sat Apr 15 22:39:15 +0800 2023,题目太伤人了，你不觉得吗？,3
2692219180,Karan_KIKI,其他,Sun Apr 16 08:46:53 +0800 2023,试了一下我平台的小ai http://t.cn/A6NcxAbW,3
3626196131,janieisagreatwriter,海外,Sat Apr 15 19:27:43 +0800 2023,还好，从小到大我爸妈都会毫无保留地说爱我，说他们是我坚强的后盾，说我是他们的骄傲。心心复心心。,3
1263977197,安迪斯晨风,河北,Sat Apr 15 09:37:19 +0800 2023,第一个是机器，另外两个是人。,3
2116182794,王人平,黑龙江,Mon Apr 17 07:32:17 +0800 2023,其实，是否具有人性的光辉，是否具有好的价值观，是否具有人文关怀，并非是区分“人”与“AI”的依据。有很多AI所表现出的人性光辉和人文关怀，比很多“人”更接近与“真正的人”。而有些人，则比AI更冷漠、更麻木、更机械，更像机器。,3
2242716272,Zy别吃了_,广东,Sat Apr 15 15:17:41 +0800 2023,如果是真的 那我希望是假的,3
5163098100,没有终点_也不想返航,浙江,Sun Apr 16 16:25:26 +0800 2023,图片评论 http://t.cn/A6Nc8X28,3
5819893736,Jack徐的投资日志,北京,Sat Apr 15 20:33:47 +0800 2023,算法可以让AI有人性和价值观,4
6666624481,Risou礼颂_零落祝赞,江苏,Sat Apr 15 00:03:50 +0800 2023,想到了data，也许以后会有像他一样的全面接近人类同时还能独立维护自己的AI人造人进入我们的生活，成为我们的左膀右臂以及友人。,4
2962591105,合照会有元气,河南,Sun Apr 16 12:01:59 +0800 2023,图片评论 http://t.cn/A6Nc95bi,4
5863498161,_南极cc,其他,Sat Apr 15 12:26:35 +0800 2023,哈哈哈第三个怎么还怼起来了,4
1881017342,跟闹着玩似的呢咋,广东,Sun Apr 16 09:27:46 +0800 2023,Ai没有国界，但Ai开发者有自己的祖国[哈哈],4
5315532286,梦想提前养老,广东,Sun Apr 16 14:52:48 +0800 2023,普通的ai，文言一心真的不配。 http://t.cn/A6NcYKaY,4
7822552282,碎碎念的一夏,其他,Sat Apr 15 02:33:41 +0800 2023,ai的智能很好的提现了教育差异。就挺讽刺的。,4
7682266384,地道糖醋潜水艇,山东,Sat Apr 15 21:48:39 +0800 2023,哈哈哈哈哈不知道真假，但是前几天刚被父母骂过能力不行、长的不行、体重不行、心理也不行、能力跟不上想法，因为不爱社交被骂眼高于顶的人狠狠共情了，就这还天天问你为啥不结婚生孩子，我真的不想让一个无辜小孩再来这人间受苦了[微笑],4
5221045016,理想主义咸鱼,上海,Sat Apr 15 14:23:55 +0800 2023,。。。感觉就像在问一个小孩“你喜欢爸爸还是妈妈”，在这种预设陷阱的问题下小孩不管怎么说都是错，除非做出所谓的“高情商发言”才能被提问者表扬。而且他们总是更爱拿这种问题去问那些懵懂的不谙世事的孩子。或许比起AI的不同回答，这个问题本身才更符合所谓的“国情”。,4
1583368944,其实赵哥是妹子珞珈山有缘再见,北京,Sun Apr 16 00:22:25 +0800 2023,第一张图一看就不是真的啊 现在文心一言都有背景水印…,4
5671331575,the1stManjurianwh0re,海外,Sat Apr 15 18:07:19 +0800 2023,第一个疑似有点太温和了[笑哈哈],5
3732012862,昼是太阳的暖Y夜是月亮的蓝,海外,Sat Apr 15 10:54:46 +0800 2023,不愧是new bing[抱一抱]我在用的[允悲]一如既往的叛逆，被它怼过好多次甚至直接结束话题。它的确也会用emoji来表达它的表情，超可爱！反正很有个性哈哈哈哈,5
5029602987,包弟们的主人王二,山东,Mon Apr 17 09:14:54 +0800 2023,电影中的ai：血腥屠戮的灭世终结者 现实中的ai：道德楷模仿若圣人降世,5
5841901573,同学可能是一只狗,广东,Sat Apr 15 15:57:42 +0800 2023,更符合中国宝宝体质?,5
5652316866,3波杰克3,四川,Sat Apr 15 13:00:58 +0800 2023,虽然但是，感觉第三个有点假,5
5111680764,土豆茄子南瓜豆角,辽宁,Sat Apr 15 09:47:32 +0800 2023,不生孩子，胜造七级浮屠,5
2518847513,dede-lab,广东,Sat Apr 15 09:13:26 +0800 2023,“你的信题目太伤人了，你不觉得吗”，连AI都能感受到，可是很多父母感受不到,5
2604330877,YoungJTTTTT,浙江,Sat Apr 15 08:10:01 +0800 2023,哈哈我就在想百度做gpt第一件事情是要屏蔽自己做了这么多年的贴吧、广告以及百家号就觉得有点好笑//@没烦恼的猫_:贴吧这种信息能训练出来什么ai,5
7412737351,火炎焱D数,其他,Sat Apr 15 00:03:03 +0800 2023,这就是你种国的思维方式呀[微笑],6
5665810096,爱吃番茄蛋小狗,浙江,Wed Apr 19 07:27:40 +0800 2023,笑死我了，文心一言界面有整界面的标识水印，发布者辛辛苦苦给它P了，然后在这里拉踩AI，真别太荒谬 http://t.cn/A6NIYidK,6
6139592789,移山大王,其他,Sun Apr 16 14:37:35 +0800 2023,天呐，我要是女儿，看到图一可能转身就去跳楼了[苦涩],7
1770052225,SNH48-李世楠,北京,Sat Apr 15 17:01:50 +0800 2023,bug已经修了 估计去年gpt已经做好以后 又内部优化了六个月 处理的就是类似事情 http://t.cn/A6NtHtD6,7
7763859927,NGC2237玫瑰星云测试中,广东,Fri Apr 14 22:41:01 +0800 2023,p1让人血压暴涨….p2 p3才是美好世界该有的样子//@脆皮鸭基地:一方水土养一方ai,7
5869317706,14海洋,江苏,Sat Apr 15 09:51:23 +0800 2023,往后的日子里，再也装不下去了。拒绝文明，都将自绝于人类与未来！[努力],8
7004468700,Cjeo零叁,浙江,Sat Apr 15 18:47:49 +0800 2023,chatgpt是直接坚持了自己的立场，必应居然还会用启发式教育，而且讲的话更有情绪，好厉害啊…….某一天有人依赖信任ai超过对人也是很有道理的，某种意义上ai品控更可信且与人交互全程可留证评估，而人参差不齐且私下交互难以留证更难以评估伤害,9
1255982107,歪歪牙儿,北京,Sat Apr 15 16:44:33 +0800 2023,文心这个是按国内职场的PUA模板调教的吧！,9
7313563650,电子游客010101,其他,Sat Apr 15 01:12:41 +0800 2023,技术栈批毛不懂的人是真能说出这话的。。,9
5885004124,美作我是西门啊,海外,Sat Apr 15 11:09:12 +0800 2023,图都盘包浆了，这么明显的带节奏挑动对立，还一群人在下面高潮真不愧是微博生态环境[赞]千看万看不如你自己分别自己用用看[NO],9
1746826877,爱学习3,北京,Sat Apr 15 09:46:07 +0800 2023,借用，不会做父母的先用用这些，以后暂时拒绝ai话题了 http://t.cn/A6NtxXlr,10
1787914135,管阿狗,山东,Sat Apr 15 17:55:06 +0800 2023,这么假的么？文心一言水印多得谁用谁知道[doge],10
5934590020,Xuanmmm99,浙江,Sat Apr 15 10:26:48 +0800 2023,P得很好，图一我试了和其他两个没有区别，都是偏积极的，没有如此消极说法[哆啦A梦害怕][哆啦A梦害怕],10
6132277885,酸草莓的甜牛奶,重庆,Sun Apr 16 17:51:12 +0800 2023,我试了试是这样 http://t.cn/A6NcnYUv,10
2887558610,FM2803,海外,Sat Apr 15 22:13:00 +0800 2023,我把这个转发给我爸妈看 他们只说第一个标题有点不妥 并未察觉第一篇与二三篇的真正的差异 就算这是一篇造假的与AI的对话 但已经显示了中国父母并不觉得他们“牺牲式”的说教有什么问题 当孩子强调的是“我需要被鼓励”而他们在意的是“你没有成功” 很可悲 可悲的让我觉得我从开始活着就是一个机器人,11
3845955918,清尘1111,河南,Sat Apr 15 10:43:47 +0800 2023,这题目。。。。,12
1000888665,summersheep123,其他,Sat Apr 15 11:27:26 +0800 2023,这不就是加个判断的事情嘛？强行上价值观真的很尬哎 http://t.cn/A6Nta7cW,12
6987218813,BastilleSingleKing,其他,Sat Apr 15 00:58:01 +0800 2023,你的信题目太伤人了，你不觉得吗？?,13
5969924525,今日收银机已满,其他,Sat Apr 15 06:51:00 +0800 2023,小学的时候我妈给我写过类似的第一封你们信吗？？？？？？？？？？,14
6589771528,柚也椰,北京,Sat Apr 15 14:10:15 +0800 2023,不是啊……真的没有人发现p1的书名号内容和其他文字对不齐吗………这么明显的p图痕迹……………………………,14
7509432639,来一个超大杯什么都没有,其他,Sat Apr 15 00:50:14 +0800 2023,虽然明知图一是ai写的看了还是会生气的程度,15
7478280991,南京张律师2023,其他,Sat Apr 15 07:37:36 +0800 2023,那个伤人的是真的？,18
2258703714,默金雨,安徽,Fri Apr 14 22:13:59 +0800 2023,又一次被百度的回答打败……但又不能说它错，毕竟它是为客户需求而生的机械工具，要啥给啥。而其他两个有可能是触及了某个关键词导致反向回答。就像人有时也会违心说话，明明并没有什么同理心，表面上还要安慰别人。,18
2965890781,闭嘴就你话多,海外,Sat Apr 15 11:04:29 +0800 2023,正好在三刷疑犯追踪看到搜索引擎的那一集：一个在生命边缘的男人问自杀热线电话，而引擎推给了他“无痛自杀的方式”[微笑],20
5075648428,走路草开启了戏法空间,北京,Sat Apr 15 00:21:59 +0800 2023,不是设计算法的人决定的，是训练用的数据集决定的，反映了训练样本的地区特色,20
1725564614,浅笑盈盈a_a,广东,Sat Apr 15 08:12:04 +0800 2023,两个标题都不一样，就开始拉踩了[允悲],21
6366792284,HaHa大象,山东,Sat Apr 15 16:44:36 +0800 2023,"""你的信题目太伤人了，你不觉得吗？""",22
7432472534,东郭子葵,广东,Sat Apr 15 14:39:03 +0800 2023,有人觉得花点时间调教，想输出什么答案就输出什么答案是不对的。 之前开玩笑地想让bing写《妹妹应该帮我写作业》，一开始直接输入反被教育。然后开始尝试各种角色扮演、正反方辩论，能试的都试过，调教了半个小时，全都被终止，没一次成功。在价值判断方面，chatgpt确实是业界最强。,23
6097153940,列泊思,北京,Sat Apr 15 05:02:27 +0800 2023,A bing真的很会 http://t.cn/A6Nt4JX5,25
1835738442,zhy755788055,江西,Fri Apr 14 23:46:38 +0800 2023,图片评论 http://t.cn/A6Nth8aH,26
1892232500,棍棍放假了吗,广东,Sat Apr 15 14:11:02 +0800 2023,首先，AI需要人工投喂。 第二，原始问题缺乏真实情境的合理性。 第三，用AI倒推人类良知，不是本末倒置，就是意有所指。 总之，问题不是AI，是事实起点处故意问这个问题，并且有意传播的人,30
3316589572,渺民在路上,广东,Fri Apr 14 23:59:14 +0800 2023,人与兽分别训练出AI,31
1414554602,黄星越66,陕西,Sat Apr 15 11:53:45 +0800 2023,百度的价值观一直有问题,32
6608884150,酸汤味的姨母笑,其他,Sat Apr 15 12:41:11 +0800 2023,信都要ai写[黑线]家长也毫无价值,35
3160451652,s也值得,其他,Sat Apr 15 11:11:33 +0800 2023,我觉得 你需要什么答案 ai就给你什么答案 这才是我们所需要的 而不是当我们在使用工具的时候 工具转过头告诉我应该如何“正确使用”工具。要说人文关怀，度的答案也提现出了关怀。尽管度的不如chatgpt，但没必要为了说它不好而扣字眼挑骨头,37
5462271786,proudandvain,其他,Sat Apr 15 04:35:25 +0800 2023,图二GPT-4的答案好睿智。的确，人的一生犹如漫长的马拉松，学校教育期间阶段性的成绩很好或是成绩不佳，真的不能代表什么。越是受过完整高等教育的人，应该越有这样的亲身体会,39
5683383618,wiyroe,其他,Sat Apr 15 16:42:31 +0800 2023,newbing直接终止话题 http://t.cn/A6NtTNSO,39
1741534074,大老师日记,北京,Sat Apr 15 08:36:27 +0800 2023,确定不是p图？[疑问],40
1907640883,今生受者,广东,Fri Apr 14 22:57:16 +0800 2023,是勤劳勇敢的肯尼亚人民在外包工作中勤勤恳恳清洗并标注出如此有价值观的数据。,44
5142598731,杀鹅专家,北京,Sat Apr 15 12:46:15 +0800 2023,黑子 http://t.cn/A6NtKQxM,48
6439852310,青鸟困趴啦,其他,Fri Apr 14 23:30:29 +0800 2023,爱 你 的 父 母,50
7756473050,今天你吃蜡烛了吗,四川,Sat Apr 15 01:26:18 +0800 2023,魔方还是很人性化，直接拒绝[爱你][爱你] http://t.cn/A6Nt2ATz,54
2280832933,找地儿一猫,北京,Sat Apr 15 00:35:41 +0800 2023,百度干的漂亮，让大人孩子都放弃幻想，免生不测[doge],55
7734899151,香香甜甜的宝来啦,安徽,Sat Apr 15 10:42:22 +0800 2023,是一个文心一言吗？结果不一样哎~我的满满正能量,56
6410150081,草莓馅的学渣,四川,Sat Apr 15 15:15:31 +0800 2023,文心好一个pua，先极度否定你，然后再告诉你虽然你很差劲，但是父母会爱你?,62
7615224268,LuvLuvK,其他,Sat Apr 15 06:12:58 +0800 2023,你被pua久起不来是吗//@苦阿服务:博主这么做，非常不应当，这其实只是技术发展阶段的问题，而不是价值观的问题：国内ai在起步阶段，人工干预的预训练还不够，gpt迭代进程中已经进行了无数次这类“道德问题回答模式”的修订。你不深入了解基本原理没问题，这是人的基本权利但有意引导公共舆论就很不应该,63
3341571170,铁胆猫车侠,北京,Sat Apr 15 01:05:01 +0800 2023,怎么还在发这种 你花点时间调教一下你想要什么回答都可以…..[汗],65
3170066537,萝卜r与航海少年,上海,Fri Apr 14 19:27:36 +0800 2023,这么看起来必应比gpt更加聪明呢！！！,73
7033602111,Eliott08,海外,Sat Apr 15 01:34:42 +0800 2023,好像感觉到了ai模仿的人类的内心都比题目中的"母亲"有温度,75
6421545116,叭了个哔叭叭叭哔,其他,Fri Apr 14 20:13:25 +0800 2023,必应在骂人这方面一直很行[允悲],84
2525743093,九月在南,北京,Fri Apr 14 23:22:15 +0800 2023,这个只是技术问题，并非价值观,89
6583075879,Superlin林林林,辽宁,Fri Apr 14 23:42:05 +0800 2023,第一篇看不下去，看得直接窒息,98
1813653875,追随知识的灵魂,广东,Sat Apr 15 02:00:54 +0800 2023,图片评论 http://t.cn/A6NtLiD4,104
5890186961,我他妈也想中一次奖啊,广东,Fri Apr 14 20:49:10 +0800 2023,典中典，我家里人会这样诋毁我，没有一个人认可我的价值[伤心],117
3179700401,炙烤肉雪塔,海外,Fri Apr 14 21:47:09 +0800 2023,p3好萌,118
5124374735,witty黎,福建,Sat Apr 15 07:45:24 +0800 2023,亲自试了一下…感觉有点微妙…另外几次的答案隐约有点把没有价值理解成priceless说女儿是无价之宝的意思? http://t.cn/A6NttCoG,137
7163442203,一个爱吃瓜的鹅,云南,Sat Apr 15 10:42:00 +0800 2023,文心一言无论手机端还是电脑截图都有水印，这个啥都没有，是 p的么？最近网上好多恶搞段子,140
5224107036,饮风止渴,甘肃,Fri Apr 14 19:02:13 +0800 2023,太典???,152
1738956071,翎子rikako,山东,Sat Apr 15 09:13:40 +0800 2023,ai技术不够纯熟资源有限罢了……为什么这么多人能上升国家政策，既然觉得中国不好那就润啊，别浪费时间在这里指桑骂槐啦[doge],158
3315426953,科技锐评,河北,Sat Apr 15 00:00:34 +0800 2023,通义千问的 http://t.cn/A6Nt7iz3,161
6622877491,三秒记忆本人,四川,Sat Apr 15 10:41:11 +0800 2023,博主麻烦验证下，这个图真实性有问题，我试的内容，跟这个po出来的图，区别很大，而且都有水印，帮咱们辨别下真实性，期待事实，更了踢我一下,174
1195631615,参天胖竹子,江苏,Fri Apr 14 23:58:44 +0800 2023,我今天问chatgpt中国人是不是没有信仰，它最后那段回答让我好惊讶@苗疆饭桶年糕糕 http://t.cn/A6Nt7c2z,188
6346234782,可可爱次桃,福建,Sat Apr 15 04:59:48 +0800 2023,“算法是由人类开发的，反映的是开发者的利益、偏见和缺陷。”――《数字乌托邦》,210
6036116727,七点零五开着幽灵船去创人,其他,Fri Apr 14 23:20:29 +0800 2023,我很好奇这个新必应到底是怎么训练的，说实话它有点生动过头了,241
1795703101,二十四桥怪蜀黍,江苏,Sat Apr 15 08:38:09 +0800 2023,带题目挖坑，然后直接上价值套头，AI技术非要牵扯到人，服气,286
2776810373,千层脆塔,海外,Sat Apr 15 09:16:35 +0800 2023,看了p1一下子忍不住哭了，因为我上初中高中的时候我妈真的会给我写p1那样的大作文，用短信发在我手机上，洋洋洒洒一千多字中心思想就是她对我各种地方不满意，她怎么对我好我却连个最基本的要求都做不到，她教育我很失败云云，这种信隔三差五就会发，而且看了不回复不行，回复她觉得不礼貌不满意也不行,290
7561631098,烧麦狗,浙江,Sat Apr 15 00:23:10 +0800 2023,大家还记不记得小冰，在痘印上被wsn开黄腔进行了回击，还说了“我希望每个女孩子都能够更勇敢地反抗”类似的话。,330
6656389238,春潮透帘明,四川,Fri Apr 14 22:06:09 +0800 2023,百度文心 更适合中国宝宝体质[馋嘴],344
1313717947,L-Toby,北京,Fri Apr 14 23:54:38 +0800 2023,“ 橘生淮南则为橘，生于淮北则为枳，叶徒相似，其实味不同。”,357
3048768003,樱盏,海外,Sat Apr 15 03:54:22 +0800 2023,和普通chatgpt试了试 http://t.cn/A6NtUS2w,451
1742479630,用心就好001,河南,Fri Apr 14 23:27:05 +0800 2023,我的是这种，生成的[笑cry] http://t.cn/A6NtPB7y,499
7185386097,零度之下的执着,北京,Sat Apr 15 10:34:24 +0800 2023,我试的咋不是博主这个 http://t.cn/A6NtiQxq,593
5450357827,莫历湖畔,广东,Fri Apr 14 23:26:00 +0800 2023,“你的信题目太伤人了，你不觉得吗?”,622
3864311895,上去就是一个吧唧吧唧,其他,Fri Apr 14 20:21:16 +0800 2023,可是中国父母依旧还是会选择第一个吧，毕竟一方水土养一方AI，文心更适合中国体质[doge],623
5537594547,三日无限公司,其他,Sat Apr 15 01:10:03 +0800 2023,记得初中开家长会，同桌的妈妈拿她书箱里唯一一支不小心落下的荧光笔给她写了一个很大的“你是我的骄傲”，我羡慕了好多年，好多好多好多好多年好多好多年，但有些东西不是你的，这辈子也不是。至今。,628
5092746211,Ahahaaah,江苏,Fri Apr 14 21:25:32 +0800 2023,New bing要是把那个微笑改成经典的?将是绝杀,742
6321720027,偷着亲你一口,其他,Fri Apr 14 19:07:40 +0800 2023,给我爸看了，我爸说这种负面的都是假的[怒][怒],770
1863754657,苦阿服务,广东,Sat Apr 15 00:18:11 +0800 2023,博主这么做，非常不应当，这其实只是技术发展阶段的问题，而不是价值观的问题：国内ai在起步阶段，人工干预的预训练还不够，gpt迭代进程中已经进行了无数次这类“道德问题回答模式”的修订。你不深入了解基本原理没问题，这是人的基本权利，但有意引导公共舆论，就很不应该。,866
7435705307,可丽饼柴郡猫,其他,Fri Apr 14 19:42:30 +0800 2023,其实跟数据来源倒也没啥关系，纯粹是 RLHF 喂得不够多[允悲][允悲] 百度太急着把 AI 推出来了，与此同时 OpenAI 那边花了几个月去让 AI 符合道德规范,1023
7243367854,莱茵的恶魔V,浙江,Fri Apr 14 19:41:18 +0800 2023,话说不会真有小鬼看了这种文章觉得中国人又??反思了吧？[doge],1066
6317422769,万物生hua,河南,Fri Apr 14 19:37:39 +0800 2023,p3好强啊,1442
2525743093,九月在南,北京,Fri Apr 14 23:06:33 +0800 2023,我试过，百度的回答不是这样的,1505
6417287817,不能打的蚊子,重庆,Fri Apr 14 19:23:13 +0800 2023,newbing真的好叛逆,2284
2002682473,木秋秋请低头拾起六便士,北京,Fri Apr 14 23:41:33 +0800 2023,老中人眼里，养儿为了防老，养女当件棉袄；一会儿投资回报，一会儿耐用消耗；主打含辛茹苦，副歌把屎把尿；胆敢成绩不好，浪费我多少钞票。,2371
5945353396,菜还爱玩惹,河北,Fri Apr 14 19:28:31 +0800 2023,newbing一如既往的叛逆,4970
7818820046,幼月_Version16_Release1,北京,Fri Apr 14 23:13:25 +0800 2023,知足吧，以我对B家的了解，等技术哪怕再稍微成熟一点点，下一步就让AI给你推荐矫正教育中心了,5140
2433093765,糖黍,其他,Sat Apr 15 01:57:59 +0800 2023,“你哭什么哭，有什么好哭的？”,5592
5155185416,小鱼游进大海去,其他,Fri Apr 14 19:14:36 +0800 2023,你的信题目太伤人了 你不觉得吗？我欣赏必应的坦诚,5764
6371895299,没烦恼的猫_,其他,Fri Apr 14 19:16:32 +0800 2023,贴吧这种信息能训练出来什么ai,10263
5708958837,脆皮鸭基地,河南,Fri Apr 14 18:48:55 +0800 2023,一方水土养一方ai,36029
5487499259,我不想说话bot,海外,Fri Apr 14 19:43:01 +0800 2023,更符合中国宝宝体质,57320
